{
  "iteration": 149,
  "total_games": 14900,
  "total_examples": 1235050,
  "policy_loss_history": [
    4.7186230635643005,
    4.133774137496948,
    3.7160035037994383,
    3.4945850348472596,
    3.058043200969696,
    2.694026319980621,
    2.439792182445526,
    2.2464093232154845,
    2.1061285305023194,
    2.0041099727153777,
    1.9515538895130158,
    1.9052204740047456,
    1.8562792181968688,
    1.814555697441101,
    1.7863421082496642,
    1.7553768837451935,
    1.7312472724914552,
    1.70934347987175,
    1.6928579878807068,
    1.6953345131874085,
    1.6656366622447967,
    1.6467654490470887,
    1.6554829502105712,
    1.654413503408432,
    1.6475804936885834,
    1.6370239973068237,
    1.6315977942943574,
    1.6402694761753083,
    1.6296477591991425,
    1.6419384038448335,
    1.6343797183036803,
    1.6285692739486695,
    1.6356768691539765,
    1.651120275259018,
    1.65493186712265,
    1.644876434803009,
    1.667097897529602,
    1.6458141243457793,
    1.667960079908371,
    1.6503121399879455,
    1.633443582057953,
    1.66631605386734,
    1.6827416336536407,
    1.6655351185798646,
    1.6682031118869782,
    1.695428236722946,
    1.684546650648117,
    1.6888182771205902,
    1.6932330048084259,
    1.688930025100708,
    1.6829169547557832,
    1.6997449898719788,
    1.6897855997085571,
    1.6766037666797637,
    1.671599485874176,
    1.6923480665683746,
    1.696929646730423,
    1.7024050617218018,
    1.6867973589897156,
    1.7043882989883423,
    1.7155688273906708,
    1.7077696824073791,
    1.6927634465694428,
    1.7011435282230378,
    1.6972330105304718,
    1.696961086988449,
    1.690149439573288,
    1.698416485786438,
    1.6949592769145965,
    1.6770359587669372,
    1.7267096209526063,
    1.6979158174991609,
    1.7113487589359284,
    1.7231141257286071,
    1.7002450287342072,
    1.695379774570465,
    1.7084978556632995,
    1.7048244822025298,
    1.7203080117702485,
    1.7247749841213227,
    1.7054143047332764,
    1.7008737909793854,
    1.7038531041145324,
    1.694427090883255,
    1.7113761508464813,
    1.702949151992798,
    1.6979935431480409,
    1.7021833896636962,
    1.6942469894886016,
    1.6911875188350678,
    1.709727532863617,
    1.7314171373844147,
    1.7234035217761994,
    1.7040446174144745,
    1.7213920783996581,
    1.7119687592983246,
    1.7093874275684358,
    1.6982839691638947,
    1.7106574368476868,
    1.681342693567276,
    1.7169573104381561,
    1.6384117889404297,
    1.6344960165023803,
    1.6036694419384003,
    1.6148896837234497,
    1.6022713601589202,
    1.6319608545303346,
    1.608890973329544,
    1.6146744632720946,
    1.6152688920497895,
    1.6302728366851806,
    1.6389003252983094,
    1.63818896651268,
    1.623789689540863,
    1.6512961304187774,
    1.6191575884819032,
    1.6330266857147218,
    1.6502960216999054,
    1.6546193706989287,
    1.6416866993904113,
    1.6502828097343445,
    1.6486930072307586,
    1.6408482742309571,
    1.660029159784317,
    1.6349757277965546,
    1.6539487528800965,
    1.654700517654419,
    1.6325133061408996,
    1.6738659358024597,
    1.6646202981472016,
    1.6641000342369079,
    1.6659816932678222,
    1.6699430394172667,
    1.6542836463451385,
    1.6521579432487488,
    1.65956955909729,
    1.6771822214126586,
    1.703536776304245,
    1.6774667644500731,
    1.6702991867065429,
    1.676384950876236,
    1.6884199500083923,
    1.6823209917545319,
    1.6506807076931,
    1.6652123308181763,
    1.6857821202278138,
    1.6785868430137634,
    1.6690444684028625,
    1.6620564186573028
  ],
  "value_loss_history": [
    0.20555110462009907,
    0.09321209928952158,
    0.0817150142416358,
    0.0910997667349875,
    0.08260514019057155,
    0.08463845564052462,
    0.07057288242504,
    0.07295933762565256,
    0.07289223881438374,
    0.06177484184503555,
    0.07950193110853433,
    0.06791965980082751,
    0.07893966756761074,
    0.07928047392517329,
    0.09158846840262413,
    0.09842196866869926,
    0.09338419366627931,
    0.08928742691874504,
    0.0997087761759758,
    0.09999622080475092,
    0.096709725856781,
    0.09970352232456207,
    0.09892413694411516,
    0.10032335169613361,
    0.11448715694248676,
    0.11130069285631179,
    0.10598431836813688,
    0.11252066262066364,
    0.11389039754867554,
    0.10678644433617591,
    0.1169367104023695,
    0.11360485024750233,
    0.10565081961452961,
    0.10348786436021327,
    0.12207687631249428,
    0.1229682568460703,
    0.11066679038107395,
    0.12146700501441955,
    0.12216848693788052,
    0.1253558537364006,
    0.1308582329750061,
    0.12138252064585686,
    0.1275859482586384,
    0.1443038545548916,
    0.14249567225575446,
    0.1448576782643795,
    0.14016426511108876,
    0.13486288562417031,
    0.14975737765431404,
    0.1337895692139864,
    0.1307658801227808,
    0.1291361406445503,
    0.12445743188261986,
    0.12378096975386142,
    0.12208742469549179,
    0.11810257442295552,
    0.12423009917140007,
    0.13886251538991928,
    0.1425385069102049,
    0.1414330171048641,
    0.13062147036194802,
    0.13412086345255375,
    0.1254947592318058,
    0.12088888242840767,
    0.12654045850038528,
    0.11806704759597779,
    0.1150312565267086,
    0.12067101135849953,
    0.12986000962555408,
    0.13630660973489284,
    0.12892563752830027,
    0.13227380611002446,
    0.13740760199725627,
    0.1394279696047306,
    0.1328661958873272,
    0.1552689979225397,
    0.14710552595555781,
    0.14264424912631513,
    0.1299955278635025,
    0.15103029057383538,
    0.13592831343412398,
    0.1602579203248024,
    0.16140744149684905,
    0.15381951302289962,
    0.14704292744398118,
    0.15732001662254333,
    0.14323945119976997,
    0.12462564170360566,
    0.13689265318214894,
    0.12187051840126514,
    0.11393634520471096,
    0.12355073921382427,
    0.12741585999727248,
    0.12392575152218342,
    0.12954232692718506,
    0.13401165507733823,
    0.143133684694767,
    0.13477653287351132,
    0.1452526880800724,
    0.13390717655420303,
    0.15002123445272444,
    0.11736336559057235,
    0.11557756550610065,
    0.09396509397774935,
    0.10584086142480373,
    0.09536746203899384,
    0.10125382523983717,
    0.10160335954278707,
    0.10839644715189933,
    0.10873322084546089,
    0.12046262197196483,
    0.11128078110516071,
    0.10343221224844455,
    0.11494681991636753,
    0.10991592764854431,
    0.10174647741019725,
    0.10762583926320075,
    0.11254004918038846,
    0.10957676038146019,
    0.11639266721904278,
    0.1126761208474636,
    0.12519363053143023,
    0.11405469879508018,
    0.1090729958564043,
    0.11477436237037182,
    0.11133743986487389,
    0.11429449059069156,
    0.12670600600540638,
    0.1319540824741125,
    0.12729406483471395,
    0.11806359596550464,
    0.11505707904696465,
    0.1265844266861677,
    0.11266310423612595,
    0.12053218722343445,
    0.11567420825362205,
    0.11732587888836861,
    0.11132215239107608,
    0.1017872604727745,
    0.11262739226222038,
    0.14409569144248963,
    0.13883692122995853,
    0.1263628190010786,
    0.12802269518375398,
    0.13754191517829895,
    0.11425699189305305,
    0.1099072490632534,
    0.11038217097520828,
    0.11904990419745445
  ],
  "win_stats": {
    "BLACK": 0,
    "WHITE": 0,
    "DRAW": 0
  },
  "start_time": "2026-01-16T16:54:12.303736",
  "last_update_time": "2026-01-22T21:08:47.988136",